Item,Price
Steak,25.00
Grilled Chicken,18.50
Salmon Fillet,22.00
Pasta Alfredo,15.50
Cheeseburger,12.00
Caesar Salad,10.50
Margherita Pizza,14.00
Sushi Roll,16.50
Fish and Chips,13.50
Vegetable Stir-Fry,12.50
Chicken Quesadilla,11.00
Beef Tacos,9.00
Shrimp Scampi,20.00
Vegetarian Curry,14.50
Pho Noodle Soup,11.50
Garden Salad,8.50
Ramen Bowl,13.00
Mushroom Risotto,16.00
Chicken Parmesan,17.00
Caprese Sandwich,9.50
Fried Rice,10.00
Lobster Bisque,18.00
Miso Soup,6.50
Club Sandwich,12.50
Pad Thai,14.50
BBQ Ribs,19.00
Eggplant Parmesan,15.00
Greek Gyro,10.50
Vegan Burger,13.50
Chocolate Brownie,8.00