ProductName,Price
Jet Ski Rental,125.50
Beach Umbrella,12.75
Kayak Rental,35.00
Pool Float,8.50
Surfboard Rental,40.25
Snorkel Set,20.00
Bicycle Rental,15.00
Golf Club Rental,50.75
Tennis Racket Rental,18.50
Scuba Diving Lesson,90.00
Beach Volleyball,10.50
Fishing Gear Rental,25.00
Spa Massage,80.00
Water Park Pass,60.50
Horseback Riding,70.25
Yoga Class,30.00
Paintball Session,45.00
Mini Golf,12.50
Sailing Excursion,95.75
Fitness Center Access,20.50
Beach Bonfire,55.00
Snack Bar Food,8.25
Room Service,25.50
Cocktail Drink,10.00
Surfing Lesson,50.00
Kids Club Activities,15.50
Golf Cart Rental,65.00
Zipline Adventure,75.25
Hiking Tour,30.50
Nightclub Entry,20.00