RoomNumber,Tipo,Bool_Cocina,Bool_Balcon,Bool_Vista,Torre,Piso,ID,TamanoHab,Bool_AireAcondicionado,Bool_Calefaccion,TamanoCama,Bool_TV,Bool_Cafetera,Bool_RopCama_TapHipoaler,Bool_Plancha,Bool_SecadorPelo,VoltajeAC,Bool_TomaUSBA,Bool_TomaUSBC,Bool_IncluyeDesayuno
101,standard,true,true,true,3,7,4567,20,true,false,queen,true,true,false,true,false,120,true,false,true
102,suite,false,true,false,2,5,3456,35,true,true,king,true,true,true,false,true,120,true,false,true
103,double suite,true,false,true,4,9,5678,45,true,true,king,true,true,true,true,true,120,true,true,false
104,standard,false,true,false,1,3,2345,30,true,false,queen,true,true,false,true,false,120,false,true,false
105,suite,true,true,true,4,10,6789,35,true,true,king,true,true,true,false,true,120,true,false,true
106,double suite,false,false,false,2,6,4563,40,true,false,king,true,false,false,true,false,120,true,false,false
107,standard,true,true,false,3,8,5674,25,true,true,queen,true,true,false,true,false,120,false,true,true
108,suite,false,false,true,1,2,3458,30,true,false,queen,true,false,false,true,true,120,true,true,false
109,double suite,true,false,true,2,11,5679,45,true,false,king,true,true,false,false,true,120,false,false,true
110,standard,false,true,true,3,4,2347,20,true,false,queen,true,true,true,true,true,120,false,false,false
111,suite,true,false,false,4,1,4561,35,true,false,king,true,true,false,true,false,120,true,true,false
112,double suite,false,true,true,2,12,6780,45,true,true,king,true,false,false,true,true,120,true,false,true
113,standard,true,true,false,1,9,3459,30,true,false,queen,true,true,true,true,false,120,false,true,false
114,suite,false,false,true,3,6,5673,35,true,false,queen,true,true,false,true,true,120,true,true,false
115,double suite,true,true,true,4,2,2349,40,true,false,king,true,true,true,true,false,120,false,true,true
116,standard,false,false,false,2,11,4565,25,true,true,queen,true,false,false,true,true,120,true,true,true
117,suite,true,true,false,3,8,5676,30,true,true,king,true,false,false,false,true,120,false,false,true
118,double suite,false,false,true,1,4,3457,45,true,false,king,true,true,false,false,false,120,true,false,false
119,standard,true,false,true,4,10,6781,20,true,false,queen,true,true,false,false,false,120,false,true,true
120,suite,false,true,false,2,7,4568,35,true,false,king,true,true,false,false,true,120,true,true,true
121,double suite,true,false,false,3,5,5672,45,true,true,king,true,true,true,false,true,120,true,false,true
122,standard,false,true,false,1,12,3454,30,true,false,queen,true,false,true,true,true,120,true,false,false
123,suite,true,true,true,4,1,6782,35,true,true,king,true,false,false,true,false,120,false,false,true
124,double suite,false,false,true,2,9,4562,45,true,false,king,true,true,false,true,false,120,true,true,false
125,standard,true,true,true,3,6,5675,20,true,false,queen,true,true,true,false,true,120,true,false,false
126,suite,false,false,true,1,3,3456,30,true,false,queen,true,false,false,true,true,120,false,true,false
127,double suite,true,true,false,4,11,6783,40,true,false,king,true,true,false,true,true,120,true,false,true
128,standard,false,true,true,2,2,4569,25,true,true,queen,true,true,false,true,false,120,true,false,true