ServiceName,Price
Room Service,25.00
Laundry Service,15.50
Airport Shuttle,40.00
Spa Massage,80.00
Fitness Center Access,10.00
Valet Parking,20.00
Poolside Cabana Rental,50.00
Concierge Service,0.00
Bicycle Rental,12.00
Restaurant Dining,30.00
Bar Drinks,8.50
In-Room Dining,20.00
Business Center Services,15.00
Tennis Court Rental,25.00
Golf Course Access,60.00
Room Cleaning Service,10.00
Babysitting Service,18.00
Event Planning Service,100.00
Pet-Friendly Amenities,25.00
WiFi Internet Access,5.00
Car Rental Service,35.00
Conference Room Rental,75.00
Gift Shop Purchases,10.00
Tour Desk Assistance,15.00
Beach Chair Rental,8.00
Theater Tickets,40.00
Salon Services,50.00
Fitness Class Sessions,12.50
Water Sports Equipment Rental,25.00
Excursion Bookings,65.00